month,n,mae,mape,rmse
2025-09,11876,14.53999373232166,8.828613132083158,50.076543437869745
2025-10,13973,13.899822465468944,8.630685048566104,46.79216780175126
2025-11,13682,14.953510477076913,8.691109718921192,54.98162311637519
2025-12,14386,14.125535800815308,8.731451925732708,49.215043426078246
2026-01,14612,14.77844536303038,8.569377572577274,55.02854691553711
2026-02,13364,13.951330260048723,8.668421147684773,46.243474320771625
2026-03,13620,15.093230412371183,8.866118645171925,56.338413527223665
