month,n,mae,mape,rmse
2025-09,11876,12.532415292870922,6.934276785888783,55.788563801460725
2025-10,13973,13.171686953991868,7.059369485902343,61.49406153961549
2025-11,13682,12.437495199862042,6.966330739851623,50.330372970046014
2025-12,14386,11.95842855279409,6.919377380166076,46.41511602093047
2026-01,14612,12.673979910782124,6.958499474674265,53.0701306968312
2026-02,13364,12.711631603126788,6.963656188843477,53.80695303908297
2026-03,15112,12.748324357221339,7.025936093223623,57.78618535501398
2026-04,1990,11.741229217385527,7.146773646587941,51.07221990761877
